{"stats":{"Baseball Bat":{"str":1.04,"def":1.04},"Katana":{"str":1.08,"def":1.08,"dex":1.08},"Glock 18C":{"str":1.1,"def":1.1,"dex":1.1,"agi":1.1},"P90C":{"str":1.12,"def":1.1,"agi":1.1},"Steyr AUG":{"str":1.2,"def":1.15},"AK-47":{"str":1.25,"def":1.2},"M15A10 Assault Rifle":{"str":1.3,"def":1.25},"AWM Sniper Rifle":{"str":1.3,"dex":1.25,"agi":1.3},"Bulletproof Vest":{"def":1.04},"Full Body Armor":{"def":1.08},"Liquid Body Armor":{"def":1.15,"agi":1.15},"Graphene Plating Armor":{"def":1.2},"Ford Flex V20":{"agi":1.04,"cha":1.04},"ATX1070 Superbike":{"agi":1.08,"cha":1.08},"Mercedes-Benz S9001":{"agi":1.12,"cha":1.12},"White Ferrari":{"agi":1.16,"cha":1.16},"NUKE Rootkit":{"hack":1.05},"Soulstealer Rootkit":{"hack":1.1},"Demon Rootkit":{"hack":1.15},"Hmap Node":{"hack":1.12},"Jack the Ripper":{"hack":1.15},"Bionic Arms":{"str":1.3,"dex":1.3},"Bionic Legs":{"agi":1.6},"Bionic Spine":{"str":1.15,"def":1.15,"dex":1.15,"agi":1.15},"BrachiBlades":{"str":1.4,"def":1.4},"Nanofiber Weave":{"str":1.2,"def":1.2},"Synthetic Heart":{"str":1.5,"agi":1.5},"Synfibril Muscle":{"str":1.3,"def":1.3},"BitWire":{"hack":1.05},"Neuralstimulator":{"hack":1.15},"DataJack":{"hack":1.1},"Graphene Bone Lacings":{"str":1.7,"def":1.7}},"cost":{"Baseball Bat":36163.92732481126,"Katana":433967.12789773504,"Glock 18C":904098.1831202814,"P90C":1808196.3662405629,"Steyr AUG":2169835.639488675,"AK-47":3616392.7324811257,"M15A10 Assault Rifle":5424589.098721689,"AWM Sniper Rifle":8136883.648082533,"Bulletproof Vest":72327.85464962252,"Full Body Armor":180819.6366240563,"Liquid Body Armor":904098.1831202814,"Graphene Plating Armor":1446557.0929924503,"Ford Flex V20":108491.78197443376,"ATX1070 Superbike":325475.3459233013,"Mercedes-Benz S9001":650950.6918466026,"White Ferrari":1084917.8197443376,"NUKE Rootkit":180819.6366240563,"Soulstealer Rootkit":904098.1831202814,"Demon Rootkit":2712294.5493608443,"Hmap Node":1446557.0929924503,"Jack the Ripper":2712294.5493608443,"Bionic Arms":361639273.24811256,"Bionic Legs":361639273.24811256,"Bionic Spine":542458909.8721689,"BrachiBlades":723278546.4962251,"Nanofiber Weave":433967127.89773506,"Synthetic Heart":904098183.1202815,"Synfibril Muscle":542458909.8721689,"BitWire":180819636.62405628,"Neuralstimulator":361639273.24811256,"DataJack":271229454.93608445,"Graphene Bone Lacings":1808196366.240563},"augHack":["BitWire","Neuralstimulator","DataJack"],"augCombat":["Bionic Arms","Bionic Legs","Bionic Spine","BrachiBlades","Nanofiber Weave","Synthetic Heart","Synfibril Muscle","Graphene Bone Lacings","BitWire","Neuralstimulator","DataJack"],"eqHack":["NUKE Rootkit","Soulstealer Rootkit","Demon Rootkit","Hmap Node","Jack the Ripper","Ford Flex V20","ATX1070 Superbike","Mercedes-Benz S9001","White Ferrari"],"eqCombat":["Bulletproof Vest","Full Body Armor","Liquid Body Armor","Graphene Plating Armor","Baseball Bat","Katana","Glock 18C","P90C","Steyr AUG","AK-47","M15A10 Assault Rifle","AWM Sniper Rifle","Ford Flex V20","ATX1070 Superbike","Mercedes-Benz S9001","White Ferrari","NUKE Rootkit","Soulstealer Rootkit","Demon Rootkit","Hmap Node","Jack the Ripper"]}